ten_mon,ten_khac_bien_the,nhom_mon,mo_ta_ngan,thanh_phan_dac_trung,khu_vuc_pho_bien_o_Ha_Noi,an_sang_trua_toi_an_vat,muc_do_pho_bien,nguon_tham_khao
Trứng vịt lộn,hột vịt lộn; trứng vịt lộn ngải cứu,Ăn vặt,"Trứng vịt có phôi luộc, thường ăn với rau răm hoặc hầm ngải cứu.","trứng vịt lộn, rau răm, gừng, ngải cứu",Chợ; phố; quán đêm,sáng; tối; ăn vặt,Rất phổ biến,https://vietnam.travel/things-to-do/vietnam-foodie-guide-region
Bánh gối,bánh xếp chiên kiểu Hà Nội,Ăn vặt chiên,"Vỏ bột chiên phồng bọc thịt, miến, mộc nhĩ và trứng cút.","bột mì, thịt băm, miến, mộc nhĩ, trứng cút",Phố cổ; Lý Quốc Sư; chợ,ăn vặt; tối,Rất phổ biến,https://vietnam.travel/node/1560
Bánh rán mặn,bánh rán nhân thịt,Ăn vặt chiên,"Bánh nếp chiên giòn nhân thịt miến mộc nhĩ, ăn với nước mắm.","bột nếp, thịt băm, miến, mộc nhĩ, đu đủ",Chợ; phố cổ; khu trường học,ăn vặt,Rất phổ biến,https://vietnam.travel/things-to-do/vietnam-foodie-guide-region
Nem chua rán,nem rán phố Tạm Thương,Ăn vặt đường phố,"Thanh nem thịt lên men nhẹ, áo bột và chiên giòn.","thịt lợn, bì, thính, bột chiên, tương ớt",Tạm Thương; phố cổ; khu sinh viên,ăn vặt; tối,Rất phổ biến,https://www.vietnam.travel/things-to-do/10-must-try-hanoi-dishes/
Nộm bò khô,gỏi đu đủ bò khô,Ăn vặt Hà Nội,"Đu đủ xanh trộn bò khô, lạc, rau thơm và nước chua ngọt.","đu đủ xanh, bò khô, lạc, rau kinh giới, nước mắm",Hoàn Kiếm; phố cổ; công viên,ăn vặt,Rất phổ biến,https://www.vietnam.travel/things-to-do/10-must-try-hanoi-dishes/
Ngao hấp sả,nghêu hấp; ngao hấp Thái,Ăn vặt hải sản,"Ngao hấp sả ớt, có bản nước chua cay kiểu Thái.","ngao, sả, ớt, lá chanh, me",Quán ốc toàn thành phố,tối; ăn vặt,Phổ biến,https://vietnamtourism.vn/en/index.php/services/restaurants/search/19
Ốc luộc,ốc nóng; ốc hấp sả,Ăn vặt hải sản,"Ốc luộc/hấp thơm sả lá chanh, chấm nước mắm gừng.","ốc, sả, lá chanh, gừng, nước mắm",Phố cổ; Hồ Tây; khu dân cư,tối; ăn vặt,Rất phổ biến,https://vietnam.travel/node/1560
Bánh tráng trộn,bánh tráng sa tế,Ăn vặt miền Nam,"Bánh tráng cắt sợi trộn xoài, bò khô, trứng cút và sa tế.","bánh tráng, xoài, bò khô, trứng cút, sa tế, rau răm",Khu trường học; chợ; online,ăn vặt,Rất phổ biến,https://vietnam.travel/things-to-do/vietnam-foodie-guide-region
Chân gà nướng,chân gà nướng mật ong; chân gà sả ớt,Ăn vặt nướng,"Chân gà ướp đậm vị nướng than, ăn kèm dưa góp.","chân gà, mật ong, sả, ớt, dưa góp",Phố cổ; Lý Văn Phức; khu sinh viên,tối; ăn vặt,Rất phổ biến,https://vietnamtourism.vn/en/index.php/services/restaurants/search/19
Thịt xiên nướng,xiên nướng vỉa hè,Ăn vặt nướng,"Thịt lợn ướp ngọt mặn xiên que nướng, đôi khi kẹp bánh mì.","thịt lợn, sả, mật ong, xì dầu, vừng",Cổng trường; chợ; phố cổ,ăn vặt; tối,Rất phổ biến,https://vietnamtourism.vn/en/index.php/services/restaurants/search/19
Bánh tráng nướng,pizza Việt Nam; bánh tráng nướng Đà Lạt,Ăn vặt vùng miền,"Bánh tráng nướng với trứng, hành, xúc xích/ruốc và sốt.","bánh tráng, trứng, hành, ruốc, xúc xích, sốt",Khu trường học; chợ đêm; phố cổ,ăn vặt; tối,Rất phổ biến,https://vietnam.travel/things-to-do/vietnam-foodie-guide-region
Naan,garlic naan; cheese naan,Bánh Ấn Độ,"Bánh mì dẹt nướng lò tandoor, dùng kèm cà ri.","bột mì, sữa chua, men, bơ, tỏi/phô mai",Nhà hàng Ấn Độ toàn thành phố,trưa; tối,Phổ biến,https://vietnam.travel/things-to-do/must-try-food-in-hanoi; https://vietnamtourism.vn/en/index.php/services/restaurants/search/19
Baguette sandwich,sandwich kiểu Pháp,Bánh Âu,"Bánh mì dài kẹp thịt nguội, phô mai và rau.","baguette, jambon, phô mai, bơ, rau",Tiệm bánh; Tây Hồ; Hoàn Kiếm,sáng; trưa,Phổ biến,https://vietnam.travel/things-to-do/must-try-food-in-hanoi; https://vietnamtourism.vn/en/index.php/services/restaurants/search/19
Quẩy nóng,quẩy; dầu cháo quẩy,Bánh chiên,"Bột mì chiên giòn, ăn riêng hoặc kèm phở, cháo, bún.","bột mì, men, dầu chiên",Phố cổ; chợ; quán phở cháo,sáng; ăn vặt,Rất phổ biến,https://www.vietnam.travel/things-to-do/10-must-try-hanoi-dishes/
Bánh giò,bánh giò nóng,Bánh đường phố,"Bánh bột gạo hình chóp có nhân thịt mộc nhĩ, dùng nóng.","bột gạo, thịt băm, mộc nhĩ, lá chuối, chả",Chợ; Thụy Khuê; Đông Các; toàn thành phố,sáng; ăn vặt,Rất phổ biến,https://vietnam.travel/things-to-do/vietnam-foodie-guide-region
Bánh mì pate,bánh mì Hà Nội; bánh mì kẹp chả,Bánh mì đường phố,"Bánh mì giòn kẹp pa-tê, chả, thịt và đồ chua tùy quán.","bánh mì, pate, chả, thịt, dưa góp, rau mùi",Phố cổ; chợ; toàn thành phố,sáng; trưa; tối; ăn vặt,Rất phổ biến,https://vietnam.travel/node/1560
Bánh bèo,bánh bèo Huế; bánh bèo chén,Bánh miền Trung,"Bánh gạo hấp nhỏ phủ tôm chấy, mỡ hành và nước mắm.","bột gạo, tôm chấy, mỡ hành, tóp mỡ, nước mắm",Quán Huế; Đống Đa; Cầu Giấy,ăn vặt; trưa,Phổ biến,https://www.vietnam.travel/things-to-do/how-eat-local-hue
Bánh khoái,bánh khoái Huế,Bánh miền Trung,"Bánh bột chiên giòn nhân tôm thịt, ăn với rau và nước lèo.","bột gạo, tôm, thịt, giá, rau, nước lèo",Quán Huế; khu trung tâm,trưa; tối,Khá phổ biến,https://www.vietnam.travel/things-to-do/how-eat-local-hue
Bánh lọc,bánh bột lọc; bánh lọc trần,Bánh miền Trung,"Bánh bột năng trong dai, nhân tôm thịt, chấm nước mắm.","bột năng, tôm, thịt ba chỉ, hành, nước mắm",Quán Huế; chợ; khu ăn vặt,ăn vặt; trưa,Rất phổ biến,https://www.vietnam.travel/things-to-do/how-eat-local-hue
Bánh nậm,bánh nậm Huế,Bánh miền Trung,Bánh bột gạo mỏng gói lá với nhân tôm thịt.,"bột gạo, tôm, thịt, lá chuối, nước mắm",Quán Huế; khu trung tâm,ăn vặt; trưa,Khá phổ biến,https://www.vietnam.travel/things-to-do/how-eat-local-hue
Bánh khúc,xôi khúc; khúc nóng,Bánh nếp miền Bắc,"Bánh nếp lá khúc nhân đậu thịt, thường phủ xôi nếp.","bột nếp, lá khúc, đậu xanh, thịt ba chỉ",Hàng rong; phố cổ; chợ,sáng; tối; ăn vặt,Rất phổ biến,https://vietnam.travel/things-to-do/vietnam-foodie-guide-region
Bánh rán ngọt,bánh rán đường; bánh cam miền Bắc,Bánh ngọt đường phố,"Bánh nếp chiên nhân đậu xanh, áo đường hoặc vừng.","bột nếp, đậu xanh, đường, vừng",Chợ; hàng rong; khu trường học,ăn vặt,Rất phổ biến,https://vietnam.travel/things-to-do/vietnam-foodie-guide-region
Crêpe,crepe ngọt; crepe mặn,Bánh Pháp,"Bánh bột mỏng áp chảo, cuộn nhân ngọt hoặc mặn.","bột mì, trứng, sữa, bơ, trái cây/giăm bông",Phố cổ; trung tâm thương mại; quán cà phê,ăn vặt; sáng,Phổ biến,https://vietnam.travel/things-to-do/must-try-food-in-hanoi; https://vietnamtourism.vn/en/index.php/services/restaurants/search/19
Croissant,bánh sừng bò,Bánh Pháp,"Bánh ngàn lớp bơ hình sừng, ăn sáng hoặc dùng với cà phê.","bột mì, bơ, men, sữa, trứng",Hoàn Kiếm; Tây Hồ; Ba Đình; tiệm bánh,sáng; ăn vặt,Rất phổ biến,https://vietnam.travel/things-to-do/must-try-food-in-hanoi; https://vietnamtourism.vn/en/index.php/services/restaurants/search/19
Bánh cuốn,bánh cuốn Thanh Trì; bánh cuốn nhân thịt; bánh cuốn trứng,Bánh và cuốn,"Lá bánh gạo hấp mỏng, dùng với chả và nước mắm; bản nhân có thịt mộc nhĩ.","bột gạo, thịt lợn, mộc nhĩ, hành phi, chả",Thanh Trì; Ba Đình; Hoàn Kiếm; toàn thành phố,sáng; ăn vặt,Rất phổ biến,https://vietnam.travel/node/1560
Bánh xèo,bánh xèo miền Trung; bánh xèo miền Nam,Bánh Việt Nam,"Bánh bột nghệ chiên giòn nhân tôm thịt giá, cuốn rau.","bột gạo, nghệ, tôm, thịt, giá, rau, bánh tráng",Toàn thành phố; quán miền Trung/Nam,trưa; tối; ăn vặt,Rất phổ biến,https://vietnam.travel/things-to-do/vietnam-foodie-guide-region
Bánh tẻ,bánh răng bừa,Bánh vùng đồng bằng Bắc Bộ,"Bánh gạo gói lá có nhân thịt và mộc nhĩ, hấp chín.","bột gạo, thịt lợn, mộc nhĩ, hành, lá dong",Chợ; khu dân cư; ngoại thành,sáng; ăn vặt,Phổ biến,https://vietnam.travel/things-to-do/vietnam-foodie-guide-region
Cháo sườn,cháo sườn quẩy; cháo bột sườn,Cháo Hà Nội,"Cháo xay mịn nấu nước xương và thịt sườn, ăn cùng quẩy.","bột gạo, sườn, ruốc, quẩy, tiêu",Đống Đa; Hoàn Kiếm; chợ dân sinh,sáng; ăn vặt; tối,Rất phổ biến,https://www.vietnam.travel/things-to-do/10-must-try-hanoi-dishes/
Cháo trai,cháo trai quẩy,Cháo miền Bắc,"Cháo sánh với thịt trai xào thơm, ăn kèm rau răm và quẩy.","gạo, trai, rau răm, hành phi, quẩy",Các chợ; Đống Đa; Thanh Xuân,sáng; ăn vặt,Phổ biến,https://vietnam.travel/things-to-do/vietnam-foodie-guide-region
Cháo lòng,cháo lòng tiết canh,Cháo và nội tạng,"Cháo nấu nước luộc lòng, dùng với lòng lợn và rau thơm.","gạo, lòng lợn, tiết, hành, rau răm",Khu dân cư; chợ; ngoại thành,sáng; trưa,Phổ biến,https://vietnam.travel/things-to-do/vietnam-foodie-guide-region
Chè thập cẩm,chè hỗn hợp,Chè,"Cốc chè kết hợp đậu, thạch, trân châu, dừa và si-rô.","đậu đỏ/đậu xanh, thạch, trân châu, dừa, đường",Toàn thành phố,ăn vặt,Rất phổ biến,https://vietnam.travel/node/1560
Chè sen long nhãn,chè hạt sen; long nhãn hạt sen,Chè Hà Nội,"Chè thanh với hạt sen lồng trong nhãn, dùng nóng hoặc lạnh.","hạt sen, long nhãn, đường phèn",Phố cổ; nhà hàng Việt,ăn vặt,Phổ biến,https://www.vietnam.travel/things-to-do/10-must-try-hanoi-dishes/
Chè khúc bạch,khúc bạch trái cây,Chè hiện đại,"Khối sữa đông mềm dùng cùng nước đường, nhãn và hạnh nhân.","sữa/kem, gelatin, nhãn, hạnh nhân, đường",Phố cổ; Cầu Giấy; khu sinh viên,ăn vặt,Phổ biến,https://vietnam.travel/node/1560
Bánh trôi tàu,sủi dìn kiểu Hà Nội,Chè nóng,Viên nếp nhân đậu/lạc trong nước đường gừng nóng.,"bột nếp, đậu xanh/vừng đen, gừng, đường, lạc",Phố cổ; Hàng Cân; Đống Đa,ăn vặt; tối,Phổ biến,https://vietnam.travel/node/1560
Chè bà cốt,chè con ong,Chè truyền thống,Nếp nấu mật/đường nâu và gừng thành món chè sánh thơm.,"gạo nếp, mật mía/đường nâu, gừng",Phố cổ; chợ truyền thống,ăn vặt,Ít gặp hơn,https://www.vietnam.travel/things-to-do/10-must-try-hanoi-dishes/
Cơm rang dưa bò,cơm rang bò dưa chua,Cơm bình dân,Cơm rang săn hạt với thịt bò xào dưa cải chua.,"cơm nguội, thịt bò, dưa cải, trứng, hành",Phố cổ; Đống Đa; quán ăn đêm,trưa; tối,Rất phổ biến,https://www.vietnam.travel/things-to-do/10-must-try-hanoi-dishes/
Cơm rang thập cẩm,cơm chiên thập cẩm; cơm rang Dương Châu,Cơm bình dân,"Cơm rang với trứng, rau củ, giò hoặc thịt, tiện cho bữa nhanh.","cơm, trứng, cà rốt, đậu Hà Lan, giò/tôm",Toàn thành phố,trưa; tối,Rất phổ biến,https://vietnamtourism.vn/en/index.php/services/restaurants/search/19
Phở cuốn,phở cuốn Ngũ Xã,Cuốn Hà Nội,"Bánh phở bản lớn cuốn bò xào, rau sống, chấm nước mắm.","bánh phở, thịt bò, xà lách, rau thơm, nước mắm",Ngũ Xã; Ba Đình; Trúc Bạch,trưa; tối; ăn vặt,Rất phổ biến,https://www.vietnam.travel/things-to-do/10-must-try-hanoi-dishes/
Bánh tôm Hồ Tây,bánh tôm Tây Hồ,Đặc sản Hà Nội,"Tôm đặt trên khoai/bột chiên giòn, ăn rau sống và nước mắm.","tôm, khoai lang, bột, rau sống, nước mắm",Hồ Tây; Tây Hồ; phố cổ,trưa; tối; ăn vặt,Rất phổ biến,https://www.vietnam.travel/things-to-do/10-must-try-hanoi-dishes/
Bún chả,bún chả Hà Nội; bún chả kẹp que,Đặc sản Hà Nội,"Thịt lợn nướng và chả viên dùng với bún, rau và nước mắm chua ngọt.","bún, ba chỉ, thịt băm, nước mắm, đu đủ xanh",Phố cổ; Hai Bà Trưng; Đống Đa; toàn thành phố,trưa; tối,Rất phổ biến,https://www.vietnam.travel/things-to-do/10-must-try-hanoi-dishes/
Chả cá Lã Vọng,chả cá; chả cá lăng,Đặc sản Hà Nội,"Cá ướp nghệ riềng, áp chảo với thì là và hành, ăn cùng bún.","cá lăng, nghệ, riềng, thì là, bún, mắm tôm",Hoàn Kiếm; phố Chả Cá; Ba Đình,trưa; tối,Rất phổ biến,https://www.vietnam.travel/things-to-do/10-must-try-hanoi-dishes/
Chả cốm,chả thịt cốm,Đặc sản Hà Nội,"Chả thịt trộn cốm dẻo, chiên vàng; thường ăn với bún đậu.","thịt lợn, giò sống, cốm, nước mắm",Phố cổ; chợ; quán bún đậu,trưa; tối; ăn vặt,Rất phổ biến,https://www.vietnam.travel/things-to-do/10-must-try-hanoi-dishes/
Vịt cỏ Vân Đình,vịt nướng Vân Đình; vịt luộc,Đặc sản ngoại thành Hà Nội,"Vịt cỏ chế biến nướng/luộc, chấm nước mắm tỏi hoặc xì dầu.","vịt cỏ, riềng, sả, mẻ, nước chấm",Ứng Hòa; Hà Đông; quán vịt toàn thành phố,trưa; tối,Rất phổ biến,https://vietnamtourism.vn/en/index.php/services/restaurants/search/19
Thịt trâu gác bếp,trâu hun khói,Đặc sản Tây Bắc,"Thịt trâu tẩm mắc khén, hun khói, xé chấm chẩm chéo.","thịt trâu, mắc khén, hạt dổi, ớt, gừng",Quán Tây Bắc; cửa hàng đặc sản,ăn vặt; tối,Phổ biến,https://vietnam.travel/things-to-do/vietnam-foodie-guide-region
Kem Hồ Tây,kem Thủy Tạ; kem que Hồ Gươm,Đồ ngọt Hà Nội,Kem que/ốc quế quen thuộc quanh các hồ và điểm vui chơi.,"sữa, đường, hương vani/cốm/sô-cô-la",Hồ Tây; Hồ Gươm,ăn vặt,Phổ biến,https://www.vietnam.travel/things-to-do/10-must-try-hanoi-dishes/
Kem Tràng Tiền,kem que Tràng Tiền; kem ốc quế,Đồ ngọt Hà Nội,"Kem gắn với địa danh Tràng Tiền, phổ biến các vị cốm, đậu xanh, cacao.","sữa, đường, cốm/đậu xanh/cacao",Tràng Tiền; Hoàn Kiếm; cửa hàng toàn thành phố,ăn vặt,Biểu tượng,https://www.vietnam.travel/things-to-do/10-must-try-hanoi-dishes/
Tào phớ,tàu hũ nước đường; đậu hoa,Đồ ngọt Hà Nội,"Đậu phụ non mềm chan nước đường hoa nhài/gừng, có thể thêm thạch.","đậu nành, đường, gừng/hoa nhài, thạch",Phố cổ; chợ; hàng rong,ăn vặt,Rất phổ biến,https://vietnam.travel/node/1560
Cà phê trứng,egg coffee,Đồ uống Hà Nội,Cà phê đậm phủ kem trứng đánh với đường và sữa.,"cà phê, lòng đỏ trứng, sữa đặc, đường",Phố cổ; Hoàn Kiếm; Ba Đình,sáng; ăn vặt; tối,Biểu tượng,https://vietnam.travel/things-to-do/must-try-food-in-hanoi
Nộm hoa chuối,gỏi bắp chuối,Gỏi và nộm,"Hoa chuối thái mỏng trộn thịt/tai heo, lạc và rau thơm.","hoa chuối, tai heo/gà, lạc, rau thơm, nước mắm",Nhà hàng Việt; phố cổ,trưa; tối,Phổ biến,https://vietnam.travel/node/1560
Lẩu ếch,lẩu ếch măng cay,Lẩu,"Lẩu cay thơm với ếch xào măng, rau và mì/bún.","ếch, măng, lá lốt, ớt, rau, mì",Cầu Giấy; Đống Đa; Thanh Xuân,tối,Rất phổ biến,https://vietnam.travel/node/1560
Lẩu gà,lẩu gà lá é; lẩu gà nấm,Lẩu,"Gà nấu nước lẩu với nấm hoặc lá thơm, dùng cho nhóm.","gà, nấm/lá é, rau, mì/bún",Toàn thành phố,tối,Rất phổ biến,https://vietnam.travel/node/1560
Lẩu riêu cua bắp bò,lẩu riêu cua; lẩu cua đồng,Lẩu Hà Nội,"Nồi lẩu chua dịu từ cua và cà chua, ăn cùng bò, đậu và rau.","cua đồng, bắp bò, đậu phụ, cà chua, rau, bún",Toàn thành phố,tối,Rất phổ biến,https://vietnam.travel/node/1560
Lẩu cá kèo,cá kèo lá giang,Lẩu miền Nam,Lẩu chua thanh từ lá giang với cá kèo và rau.,"cá kèo, lá giang, rau, bún, ớt",Một số quán miền Nam,tối,Ít gặp hơn,https://vietnam.travel/things-to-do/vietnam-foodie-guide-region
Lẩu mắm,lẩu mắm miền Tây,Lẩu miền Nam,"Lẩu mắm đậm vị với hải sản, thịt và nhiều rau miền Tây.","mắm cá, tôm, mực, thịt, cà tím, rau",Một số quán miền Tây,tối,Ít gặp hơn,https://vietnam.travel/things-to-do/vietnam-foodie-guide-region
Lẩu Thái,tom yum hotpot,Lẩu quốc tế phổ biến,"Lẩu chua cay kiểu Thái với hải sản, thịt và rau.","sả, riềng, lá chanh, ớt, hải sản, rau",Trung tâm thương mại; toàn thành phố,trưa; tối,Rất phổ biến,https://vietnam.travel/things-to-do/must-try-food-in-hanoi
Bò nhúng dấm,bò nhúng giấm,Lẩu và cuốn,"Bò thái mỏng nhúng nước giấm sả hành, cuốn bánh tráng.","thịt bò, giấm, sả, hành, bánh tráng, rau",Hai Bà Trưng; Ba Đình; toàn thành phố,tối,Phổ biến,https://vietnamtourism.vn/en/index.php/services/restaurants/search/19
Koshari,koshary,Món Ai Cập,"Tô cơm, mì, đậu và hành giòn với sốt cà chua cay.","cơm, pasta, đậu lăng, đậu gà, hành, cà chua",Một số quán Ai Cập/Trung Đông ở Tây Hồ,trưa; tối,Ít gặp hơn,https://vietnam.travel/things-to-do/must-try-food-in-hanoi; https://vietnamtourism.vn/en/index.php/services/restaurants/search/19
Fish and chips,cá tẩm bột và khoai chiên,Món Anh,Phi-lê cá áo bột chiên dùng với khoai và sốt tartar.,"cá phi lê, bột, khoai tây, tartar, chanh",Tây Hồ; Hoàn Kiếm; pub/quán Âu,trưa; tối,Khá phổ biến,https://vietnam.travel/things-to-do/must-try-food-in-hanoi; https://vietnamtourism.vn/en/index.php/services/restaurants/search/19
Biryani,cơm biryani gà/cừu,Món Ấn Độ,Cơm basmati nấu lớp với thịt và gia vị thơm.,"gạo basmati, gà/cừu, nghệ tây, hành, gia vị",Tây Hồ; Hoàn Kiếm; Ba Đình,trưa; tối,Phổ biến,https://vietnam.travel/things-to-do/must-try-food-in-hanoi; https://vietnamtourism.vn/en/index.php/services/restaurants/search/19
Cà ri bơ gà,butter chicken; murgh makhani,Món Ấn Độ,"Gà trong sốt cà chua bơ kem, ăn với cơm hoặc naan.","gà, cà chua, bơ, kem, garam masala",Tây Hồ; Hoàn Kiếm; Ba Đình,trưa; tối,Phổ biến,https://vietnam.travel/things-to-do/must-try-food-in-hanoi; https://vietnamtourism.vn/en/index.php/services/restaurants/search/19
Chicken tikka masala,gà tikka masala,Món Ấn Độ,Gà nướng tandoor nấu trong sốt cà chua gia vị.,"gà, sữa chua, cà chua, kem, garam masala",Tây Hồ; Hoàn Kiếm; Ba Đình,trưa; tối,Phổ biến,https://vietnam.travel/things-to-do/must-try-food-in-hanoi; https://vietnamtourism.vn/en/index.php/services/restaurants/search/19
Samosa,bánh samosa rau/thịt,Món Ấn Độ,"Bánh tam giác chiên nhân khoai, đậu hoặc thịt và gia vị.","bột mì, khoai tây, đậu Hà Lan, gia vị, dầu",Nhà hàng Ấn Độ; Tây Hồ; Hoàn Kiếm,ăn vặt; trưa,Khá phổ biến,https://vietnam.travel/things-to-do/must-try-food-in-hanoi; https://vietnamtourism.vn/en/index.php/services/restaurants/search/19
Bít tết,beef steak; steak frites,Món Âu,"Miếng bò áp chảo/nướng theo độ chín, ăn cùng sốt và khoai.","thịt bò, bơ, tiêu, sốt, khoai tây",Hoàn Kiếm; Tây Hồ; Ba Đình; trung tâm thương mại,trưa; tối,Rất phổ biến,https://vietnam.travel/things-to-do/must-try-food-in-hanoi; https://vietnamtourism.vn/en/index.php/services/restaurants/search/19
Bánh mì chảo,bò né; bánh mì áp chảo,Món chảo,"Chảo nóng có trứng, pa-tê, xúc xích hoặc bò sốt, ăn với bánh mì.","bánh mì, trứng, pate, xúc xích, bò, sốt",Đống Đa; Cầu Giấy; Thanh Xuân,sáng; trưa; tối,Rất phổ biến,https://vietnamtourism.vn/en/index.php/services/restaurants/search/19
Nem rán,chả giò; nem Sài Gòn,Món cuốn chiên,"Cuốn bánh đa nem nhân thịt miến mộc nhĩ, chiên vàng.","bánh đa nem, thịt băm, miến, mộc nhĩ, trứng",Toàn thành phố; nhà hàng Việt,trưa; tối,Rất phổ biến,https://vietnam.travel/things-to-do/vietnam-foodie-guide-region
Gỏi cuốn,nem cuốn; cuốn tôm thịt,Món cuốn miền Nam,"Bánh tráng cuốn tôm, thịt, bún và rau, chấm tương hoặc mắm.","bánh tráng, tôm, thịt, bún, rau, tương",Toàn thành phố; nhà hàng Việt,trưa; tối; ăn vặt,Rất phổ biến,https://vietnam.travel/things-to-do/vietnam-foodie-guide-region
Bánh tráng cuốn thịt heo,cuốn thịt heo Đà Nẵng,Món cuốn miền Trung,"Thịt heo luộc cuốn bánh tráng, rau và lát mì, chấm mắm nêm.","thịt heo, bánh tráng, bánh phở, rau, mắm nêm",Cầu Giấy; Thanh Xuân; quán Đà Nẵng,trưa; tối,Rất phổ biến,https://vietnam.travel/things-to-do/vietnam-foodie-guide-region
Bún cá Nha Trang,bún chả cá Nha Trang,Món duyên hải miền Trung,"Bún nước trong với chả cá và cá, ăn cùng rau sống.","bún, chả cá, cá biển, cà chua, hành",Quán Nha Trang; Cầu Giấy; trung tâm,sáng; trưa,Phổ biến,https://vietnam.travel/things-to-do/vietnam-foodie-guide-region
Mì bò Đài Loan,Taiwanese beef noodle soup,Món Đài Loan,"Mì nước đậm với bò hầm, rau cải chua và gia vị.","mì, bắp bò, xì dầu, hồi, cải chua",Cầu Giấy; Hoàn Kiếm; trung tâm thương mại,trưa; tối,Khá phổ biến,https://vietnam.travel/things-to-do/must-try-food-in-hanoi; https://vietnamtourism.vn/en/index.php/services/restaurants/search/19
Bún đậu mắm tôm,bún đậu; mẹt bún đậu,Món đường phố miền Bắc,"Mẹt bún lá, đậu rán, chả cốm và thịt luộc chấm mắm tôm.","bún lá, đậu phụ, mắm tôm, chả cốm, thịt chân giò",Toàn thành phố,trưa; tối,Rất phổ biến,https://www.vietnam.travel/things-to-do/10-must-try-hanoi-dishes/
Bibimbap,cơm trộn Hàn Quốc; dolsot bibimbap,Món Hàn,"Cơm trộn rau, thịt, trứng và tương ớt, có bản thố đá.","cơm, rau, thịt bò, trứng, gochujang, dầu mè",Mỹ Đình; Cầu Giấy; Ba Đình,trưa; tối,Rất phổ biến,https://vietnam.travel/things-to-do/must-try-food-in-hanoi; https://vietnamtourism.vn/en/index.php/services/restaurants/search/19; https://welcome.deliveryk.com/en/best-korean-bunsik-in-hanoi-must-try-tokbokki-kimbap-korean-street-food-spots/
Bulgogi,bò nướng Hàn Quốc,Món Hàn,"Thịt bò ướp xì dầu, lê và dầu mè rồi nướng/xào.","thịt bò, xì dầu, lê, tỏi, dầu mè",Mỹ Đình; Cầu Giấy; nhà hàng Hàn,trưa; tối,Rất phổ biến,https://vietnam.travel/things-to-do/must-try-food-in-hanoi; https://vietnamtourism.vn/en/index.php/services/restaurants/search/19; https://welcome.deliveryk.com/en/best-korean-bunsik-in-hanoi-must-try-tokbokki-kimbap-korean-street-food-spots/
Gà rán Hàn Quốc,yangnyeom chicken; gà sốt cay; gà tỏi,Món Hàn,"Gà chiên hai lần với sốt cay ngọt, xì dầu tỏi hoặc phô mai.","gà, bột chiên, gochujang, tỏi, si-rô",Mỹ Đình; Cầu Giấy; Thanh Xuân; giao đồ ăn,trưa; tối; ăn vặt,Rất phổ biến,https://vietnam.travel/things-to-do/must-try-food-in-hanoi; https://vietnamtourism.vn/en/index.php/services/restaurants/search/19; https://welcome.deliveryk.com/en/best-korean-bunsik-in-hanoi-must-try-tokbokki-kimbap-korean-street-food-spots/
Japchae,miến trộn Hàn Quốc,Món Hàn,"Miến khoai lang xào với rau, thịt và dầu mè.","miến khoai lang, rau, thịt bò, xì dầu, dầu mè",Mỹ Đình; Cầu Giấy; nhà hàng Hàn,trưa; tối,Phổ biến,https://vietnam.travel/things-to-do/must-try-food-in-hanoi; https://vietnamtourism.vn/en/index.php/services/restaurants/search/19; https://welcome.deliveryk.com/en/best-korean-bunsik-in-hanoi-must-try-tokbokki-kimbap-korean-street-food-spots/
Kimbap,gimbap; cơm cuộn Hàn Quốc,Món Hàn,"Cơm và nhân rau/thịt cuộn rong biển, cắt khoanh.","cơm, rong biển, trứng, cà rốt, củ cải vàng, thịt",Mỹ Đình; Cầu Giấy; khu trường học,trưa; ăn vặt; tối,Rất phổ biến,https://vietnam.travel/things-to-do/must-try-food-in-hanoi; https://vietnamtourism.vn/en/index.php/services/restaurants/search/19; https://welcome.deliveryk.com/en/best-korean-bunsik-in-hanoi-must-try-tokbokki-kimbap-korean-street-food-spots/
Kimchi jjigae,canh kimchi,Món Hàn,Canh cay nóng từ kimchi với thịt lợn hoặc cá ngừ và đậu phụ.,"kimchi, thịt/cá ngừ, đậu phụ, gochugaru, hành",Mỹ Đình; Cầu Giấy; nhà hàng Hàn,trưa; tối,Rất phổ biến,https://vietnam.travel/things-to-do/must-try-food-in-hanoi; https://vietnamtourism.vn/en/index.php/services/restaurants/search/19; https://welcome.deliveryk.com/en/best-korean-bunsik-in-hanoi-must-try-tokbokki-kimbap-korean-street-food-spots/
Lẩu quân đội,budae jjigae,Món Hàn,"Lẩu cay có xúc xích, thịt hộp, mì, kimchi và phô mai.","kimchi, xúc xích, thịt hộp, mì, đậu, phô mai",Mỹ Đình; Cầu Giấy; Thanh Xuân,tối,Phổ biến,https://vietnam.travel/things-to-do/must-try-food-in-hanoi; https://vietnamtourism.vn/en/index.php/services/restaurants/search/19; https://welcome.deliveryk.com/en/best-korean-bunsik-in-hanoi-must-try-tokbokki-kimbap-korean-street-food-spots/
Mandu,há cảo Hàn Quốc,Món Hàn,"Bánh bột nhân thịt/rau, hấp hoặc chiên.","bột mì, thịt, đậu phụ, hẹ, kimchi",Nhà hàng Hàn; khu ăn vặt,ăn vặt; trưa; tối,Khá phổ biến,https://vietnam.travel/things-to-do/must-try-food-in-hanoi; https://vietnamtourism.vn/en/index.php/services/restaurants/search/19; https://welcome.deliveryk.com/en/best-korean-bunsik-in-hanoi-must-try-tokbokki-kimbap-korean-street-food-spots/
Samgyeopsal,ba chỉ nướng Hàn Quốc,Món Hàn,"Ba chỉ lợn nướng tại bàn, cuốn rau với kimchi và ssamjang.","ba chỉ lợn, xà lách, kimchi, tỏi, ssamjang",Mỹ Đình; Cầu Giấy; Thanh Xuân,trưa; tối,Rất phổ biến,https://vietnam.travel/things-to-do/must-try-food-in-hanoi; https://vietnamtourism.vn/en/index.php/services/restaurants/search/19; https://welcome.deliveryk.com/en/best-korean-bunsik-in-hanoi-must-try-tokbokki-kimbap-korean-street-food-spots/
Tteokbokki,tokbokki; bánh gạo cay; rose tteokbokki,Món Hàn,"Bánh gạo dai nấu sốt cay ngọt, có bản kem rose.","bánh gạo, gochujang, chả cá, hành, trứng",Mỹ Đình; Cầu Giấy; trung tâm thương mại,ăn vặt; trưa; tối,Rất phổ biến,https://vietnam.travel/things-to-do/must-try-food-in-hanoi; https://vietnamtourism.vn/en/index.php/services/restaurants/search/19; https://welcome.deliveryk.com/en/best-korean-bunsik-in-hanoi-must-try-tokbokki-kimbap-korean-street-food-spots/
Jajangmyeon,mì tương đen,Món Hàn-Hoa,Mì sợi phủ sốt đậu đen với thịt và rau củ.,"mì, chunjang, thịt lợn, hành tây, bí ngòi",Mỹ Đình; Cầu Giấy; giao đồ ăn,trưa; tối,Phổ biến,https://vietnam.travel/things-to-do/must-try-food-in-hanoi; https://vietnamtourism.vn/en/index.php/services/restaurants/search/19; https://welcome.deliveryk.com/en/best-korean-bunsik-in-hanoi-must-try-tokbokki-kimbap-korean-street-food-spots/
Poke bowl,poke cá hồi; poke cá ngừ,Món Hawaii/quốc tế,"Tô cơm với cá sống ướp, rau, rong biển và sốt.","cơm, cá hồi/cá ngừ, bơ, rong biển, rau, sốt",Tây Hồ; Hoàn Kiếm; Cầu Giấy; giao đồ ăn,trưa; tối,Phổ biến,https://vietnam.travel/things-to-do/must-try-food-in-hanoi; https://vietnamtourism.vn/en/index.php/services/restaurants/search/19
Dimsum,điểm tâm; yum cha,Món Hoa,"Nhóm bánh hấp/chiên nhỏ như há cảo, xíu mại, bánh bao.","bột, tôm, thịt lợn, nấm, rau",Hoàn Kiếm; Ba Đình; trung tâm thương mại,sáng; trưa; tối,Rất phổ biến,https://vietnam.travel/things-to-do/must-try-food-in-hanoi; https://vietnamtourism.vn/en/index.php/services/restaurants/search/19
Há cảo tôm,har gow,Món Hoa,"Bánh hấp vỏ trong dai, nhân tôm.","bột há cảo, tôm, mỡ lợn, măng",Nhà hàng dimsum toàn thành phố,trưa; tối,Phổ biến,https://vietnam.travel/things-to-do/must-try-food-in-hanoi; https://vietnamtourism.vn/en/index.php/services/restaurants/search/19
Mì hoành thánh,wonton noodles,Món Hoa,Mì trứng nước với hoành thánh nhân tôm/thịt và rau.,"mì trứng, hoành thánh, tôm/thịt, cải, nước dùng",Phố cổ; nhà hàng Hoa,sáng; trưa; tối,Phổ biến,https://vietnam.travel/things-to-do/must-try-food-in-hanoi; https://vietnamtourism.vn/en/index.php/services/restaurants/search/19
Tiểu long bao,xiaolongbao; bánh bao súp,Món Hoa,Bánh bao hấp nhỏ chứa nhân thịt và nước súp.,"bột mì, thịt lợn, thạch nước dùng, gừng",Nhà hàng Hoa; trung tâm thương mại,trưa; tối,Phổ biến,https://vietnam.travel/things-to-do/must-try-food-in-hanoi; https://vietnamtourism.vn/en/index.php/services/restaurants/search/19
Vịt quay Bắc Kinh,Peking duck,Món Hoa,Vịt quay da giòn cuốn bánh mỏng với hành và sốt.,"vịt, bánh cuốn mỏng, hành, dưa chuột, sốt hoisin",Hoàn Kiếm; Ba Đình; nhà hàng Hoa,trưa; tối,Phổ biến,https://vietnam.travel/things-to-do/must-try-food-in-hanoi; https://vietnamtourism.vn/en/index.php/services/restaurants/search/19
Xíu mại hấp,siu mai,Món Hoa,Viên nhân thịt/tôm hấp trong vỏ bột mở miệng.,"thịt lợn, tôm, bột mì, nấm, trứng cua",Nhà hàng dimsum toàn thành phố,trưa; tối,Phổ biến,https://vietnam.travel/things-to-do/must-try-food-in-hanoi; https://vietnamtourism.vn/en/index.php/services/restaurants/search/19
Cơm hến,bún hến,Món Huế,"Cơm nguội hoặc bún trộn hến xào, rau, lạc và nước hến.","cơm/bún, hến, rau thơm, lạc, mắm ruốc",Quán Huế; Cầu Giấy; Đống Đa,trưa; tối,Phổ biến,https://www.vietnam.travel/things-to-do/how-eat-local-hue
Acai bowl,tô açaí trái cây,Món lành mạnh quốc tế,"Açaí xay đặc phủ trái cây, granola và hạt.","açaí, chuối, berries, granola, hạt",Tây Hồ; Hoàn Kiếm; quán healthy,sáng; ăn vặt,Khá phổ biến,https://vietnam.travel/things-to-do/must-try-food-in-hanoi; https://vietnamtourism.vn/en/index.php/services/restaurants/search/19
Burrito,burrito bowl,Món Mexico,"Tortilla cuộn cơm, đậu, thịt, salsa; có bản tô không vỏ.","tortilla, cơm, đậu, thịt, salsa, phô mai",Tây Hồ; Hoàn Kiếm; giao đồ ăn,trưa; tối,Khá phổ biến,https://vietnam.travel/things-to-do/must-try-food-in-hanoi; https://vietnamtourism.vn/en/index.php/services/restaurants/search/19
Tacos,taco bò; taco gà,Món Mexico,"Bánh tortilla gập nhân thịt, salsa, rau và phô mai.","tortilla, thịt bò/gà, salsa, rau, phô mai",Tây Hồ; Hoàn Kiếm; quán Mexico,trưa; tối,Khá phổ biến,https://vietnam.travel/things-to-do/must-try-food-in-hanoi; https://vietnamtourism.vn/en/index.php/services/restaurants/search/19
Miến cua,miến cua nước; miến cua trộn,Món miến,"Miến với thịt cua, chả cua và rau; phục vụ nước hoặc trộn.","miến dong, cua, chả cua, rau cần, hành phi",Hoàn Kiếm; Ba Đình,trưa; tối,Khá phổ biến,https://www.vietnam.travel/things-to-do/10-must-try-hanoi-dishes/
Miến gà,miến gà nước; miến gà trộn,Món miến,Miến dong dai với gà xé và nước dùng trong hoặc sốt trộn.,"miến dong, gà, măng, hành, rau răm",Toàn thành phố,sáng; trưa; tối,Rất phổ biến,https://www.vietnam.travel/things-to-do/10-must-try-hanoi-dishes/
Miến lươn,miến lươn nước; miến lươn trộn; miến xào lươn,Món miến Hà Nội,"Miến ăn với lươn giòn hoặc mềm, dạng nước, trộn hay xào.","miến dong, lươn, giá, rau răm, hành phi",Hoàn Kiếm; Ba Đình; Đống Đa,sáng; trưa; tối,Rất phổ biến,https://vietnam.travel/node/1560
Bún mắm,bún mắm miền Tây,Món miền Nam,"Bún nước dùng mắm cá đậm vị với hải sản, thịt và rau.","bún, mắm cá, tôm, mực, thịt quay, rau",Một số quán miền Tây; Cầu Giấy; Thanh Xuân,trưa; tối,Ít gặp hơn,https://vietnam.travel/things-to-do/vietnam-foodie-guide-region
Bún thịt nướng,bún thịt nướng Nam Bộ,Món miền Nam,"Bún khô với thịt nướng, rau, lạc, đồ chua và nước mắm.","bún, thịt lợn nướng, rau, lạc, đồ chua",Toàn thành phố,trưa; tối,Rất phổ biến,https://vietnam.travel/things-to-do/vietnam-foodie-guide-region
Cơm tấm,cơm tấm sườn bì chả,Món miền Nam,"Cơm hạt tấm với sườn nướng, bì, chả trứng và nước mắm ngọt.","gạo tấm, sườn, bì, chả trứng, mỡ hành",Toàn thành phố; nhiều chuỗi/quán miền Nam,sáng; trưa; tối,Rất phổ biến,https://vietnam.travel/things-to-do/vietnam-foodie-guide-region
Hủ tiếu bò kho,bò kho bánh mì,Món miền Nam,"Bò hầm cà rốt, sả và gia vị, ăn với hủ tiếu hoặc bánh mì.","thịt bò, cà rốt, sả, hồi, hủ tiếu/bánh mì",Toàn thành phố,sáng; trưa; tối,Phổ biến,https://vietnam.travel/things-to-do/vietnam-foodie-guide-region
Hủ tiếu Nam Vang,hủ tiếu khô; hủ tiếu nước,Món miền Nam,"Hủ tiếu với thịt băm, tôm, trứng cút và nội tạng; có bản khô.","hủ tiếu, thịt lợn, tôm, trứng cút, giá, hẹ",Đống Đa; Cầu Giấy; khu trung tâm,sáng; trưa; tối,Phổ biến,https://vietnam.travel/things-to-do/vietnam-foodie-guide-region
Bánh canh cá lóc,bánh canh cá,Món miền Trung,"Bánh canh nước trong với cá lóc, hành và rau thơm.","bánh canh, cá lóc, hành, rau răm, tiêu",Quán miền Trung toàn thành phố,sáng; trưa,Khá phổ biến,https://vietnam.travel/things-to-do/vietnam-foodie-guide-region
Bún bò Huế,bún bò; bún bò giò heo,Món miền Trung,"Bún sợi to trong nước dùng sả ruốc cay, với bò và giò heo.","bún bò, thịt bò, giò heo, sả, mắm ruốc",Toàn thành phố; quán Huế,sáng; trưa; tối,Rất phổ biến,https://www.vietnam.travel/things-to-do/how-eat-local-hue
Cao lầu,cao lầu Hội An,Món miền Trung,"Mì dai kiểu Hội An với thịt xá xíu, rau và bánh giòn.","sợi cao lầu, thịt xá xíu, rau, tóp mì",Quán đặc sản Hội An; khu trung tâm,trưa; tối,Khá phổ biến,https://vietnam.travel/things-to-do/vietnam-foodie-guide-region
Cơm gà Hội An,cơm gà xé; cơm gà Tam Kỳ,Món miền Trung,"Cơm vàng nấu nước gà ăn với gà xé, rau răm và đồ chua.","gạo, gà, nghệ, rau răm, hành, đu đủ",Quán miền Trung; Cầu Giấy; trung tâm,trưa; tối,Phổ biến,https://vietnam.travel/things-to-do/vietnam-foodie-guide-region
Mì Quảng,mì Quảng tôm thịt; mì Quảng gà,Món miền Trung,"Mì bản rộng với ít nước dùng, tôm/thịt/gà, lạc và bánh tráng.","mì Quảng, tôm, thịt/gà, lạc, bánh tráng, rau",Cầu Giấy; Đống Đa; quán miền Trung,trưa; tối,Rất phổ biến,https://vietnam.travel/things-to-do/vietnam-foodie-guide-region
Burger bò,hamburger; cheeseburger,Món Mỹ/quốc tế,"Bánh mì tròn kẹp thịt bò, rau, sốt và thường có phô mai.","bánh burger, thịt bò, xà lách, cà chua, phô mai, sốt",Toàn thành phố; trung tâm thương mại; giao đồ ăn,trưa; tối,Rất phổ biến,https://vietnam.travel/things-to-do/must-try-food-in-hanoi; https://vietnamtourism.vn/en/index.php/services/restaurants/search/19
Gà rán kiểu Mỹ,fried chicken; hot chicken,Món Mỹ/quốc tế,"Miếng gà tẩm bột chiên giòn, dùng với sốt và khoai.","gà, bột chiên, gia vị, dầu, sốt",Toàn thành phố; chuỗi nhanh; giao đồ ăn,trưa; tối; ăn vặt,Rất phổ biến,https://vietnam.travel/things-to-do/must-try-food-in-hanoi; https://vietnamtourism.vn/en/index.php/services/restaurants/search/19
Cơm cháy kho quẹt,rau củ kho quẹt,Món Nam Bộ,Cơm cháy/rau luộc chấm sốt mắm kho sệt với tóp mỡ.,"cơm cháy, nước mắm, tóp mỡ, tiêu, hành",Nhà hàng Việt; quán nhậu,trưa; tối,Phổ biến,https://vietnam.travel/things-to-do/vietnam-foodie-guide-region
Okonomiyaki,bánh xèo Nhật,Món Nhật,"Bánh bắp cải áp chảo phủ sốt, mayonnaise và cá bào.","bắp cải, bột, trứng, thịt/hải sản, sốt, cá bào",Nhà hàng Nhật; Cầu Giấy; Ba Đình,trưa; tối,Khá phổ biến,https://vietnam.travel/things-to-do/must-try-food-in-hanoi; https://vietnamtourism.vn/en/index.php/services/restaurants/search/19
Ramen,shoyu ramen; miso ramen; tonkotsu ramen,Món Nhật,"Mì Nhật trong nước dùng xương hoặc tương, kèm thịt và trứng.","mì ramen, nước xương, thịt chashu, trứng, rong biển",Ba Đình; Hoàn Kiếm; Cầu Giấy,trưa; tối,Rất phổ biến,https://vietnam.travel/things-to-do/must-try-food-in-hanoi; https://vietnamtourism.vn/en/index.php/services/restaurants/search/19
Sashimi,cá sống kiểu Nhật,Món Nhật,"Lát cá/hải sản sống dùng với wasabi, gừng và xì dầu.","cá hồi/cá ngừ, hải sản, wasabi, gừng, xì dầu",Ba Đình; Hoàn Kiếm; Cầu Giấy,trưa; tối,Rất phổ biến,https://vietnam.travel/things-to-do/must-try-food-in-hanoi; https://vietnamtourism.vn/en/index.php/services/restaurants/search/19
Sushi,nigiri; maki; sashimi set,Món Nhật,Cơm giấm tạo hình với cá/hải sản hoặc cuộn rong biển.,"cơm giấm, cá hồi/cá ngừ, rong biển, wasabi, xì dầu",Ba Đình; Hoàn Kiếm; Cầu Giấy; trung tâm thương mại,trưa; tối,Rất phổ biến,https://vietnam.travel/things-to-do/must-try-food-in-hanoi; https://vietnamtourism.vn/en/index.php/services/restaurants/search/19
Tempura,tôm tempura; rau củ tempura,Món Nhật,Tôm và rau áo bột nhẹ chiên giòn.,"tôm, rau củ, bột tempura, dầu, tentsuyu",Nhà hàng Nhật toàn thành phố,trưa; tối,Phổ biến,https://vietnam.travel/things-to-do/must-try-food-in-hanoi; https://vietnamtourism.vn/en/index.php/services/restaurants/search/19
Tonkatsu,cơm thịt lợn chiên xù,Món Nhật,"Thịt cốt lết lợn tẩm bột chiên, ăn cùng bắp cải và sốt.","thịt lợn, panko, bắp cải, sốt tonkatsu, cơm",Ba Đình; Cầu Giấy; trung tâm thương mại,trưa; tối,Phổ biến,https://vietnam.travel/things-to-do/must-try-food-in-hanoi; https://vietnamtourism.vn/en/index.php/services/restaurants/search/19
Udon,udon nước; udon xào,Món Nhật,"Mì lúa mì sợi dày, dùng trong nước dashi hoặc xào.","mì udon, dashi, xì dầu, hành, thịt/hải sản",Ba Đình; Cầu Giấy; trung tâm thương mại,trưa; tối,Phổ biến,https://vietnam.travel/things-to-do/must-try-food-in-hanoi; https://vietnamtourism.vn/en/index.php/services/restaurants/search/19
Yakitori,gà xiên nướng Nhật,Món Nhật,"Các phần gà xiên nướng, phết tare hoặc rắc muối.","thịt gà, hành boa-rô, sốt tare, muối",Ba Đình; Hoàn Kiếm; quán izakaya,tối,Khá phổ biến,https://vietnam.travel/things-to-do/must-try-food-in-hanoi; https://vietnamtourism.vn/en/index.php/services/restaurants/search/19
Lòng rán,lòng xào dưa; lòng nướng,Món nhậu đường phố,"Lòng lợn chế biến rán, xào hoặc nướng, dùng nóng.","lòng lợn, dưa cải, hành, rau răm, gia vị",Hai Bà Trưng; Đống Đa; quán nhậu,tối,Phổ biến,https://vietnamtourism.vn/en/index.php/services/restaurants/search/19
Ngan cháy tỏi,ngan rang tỏi,Món nhậu Hà Nội,Thịt ngan chiên/rang thơm với nhiều tỏi giòn.,"ngan, tỏi, dầu, nước mắm, tiêu",Đống Đa; Cầu Giấy; quán nhậu,tối,Rất phổ biến,https://vietnamtourism.vn/en/index.php/services/restaurants/search/19
Bún vịt,bún măng vịt,Món nước,"Bún nước dùng vịt và măng, ăn với thịt vịt chặt.","bún, vịt, măng, gừng, hành",Toàn thành phố,trưa; tối,Phổ biến,https://vietnam.travel/things-to-do/vietnam-foodie-guide-region
Mì gà tần,gà tần lon; mì gà ác tần,Món nước đường phố,"Gà hầm thuốc bắc và ngải cứu, thường dùng cùng mì trứng.","gà ác/gà ta, ngải cứu, thuốc bắc, mì trứng",Phố cổ; Hàng Bồ; Cầu Giấy,tối; ăn vặt,Phổ biến,https://vietnam.travel/node/1560
Bún ốc,bún ốc nguội; bún ốc nóng; bún riêu ốc,Món nước Hà Nội,"Bún chua dịu với ốc, cà chua và giấm bỗng; có biến thể ăn nguội.","bún, ốc, cà chua, giấm bỗng, tía tô",Phố cổ; Tây Hồ; Đống Đa,sáng; trưa; ăn vặt,Rất phổ biến,https://vietnam.travel/node/1560
Bún thang,bún thang Hà Nội,Món nước Hà Nội,"Bát bún cầu kỳ với gà xé, trứng thái chỉ và giò trong nước dùng thanh.","bún, gà, trứng, giò lụa, củ cải khô, rau răm",Hoàn Kiếm; Ba Đình,sáng; trưa,Phổ biến,https://www.vietnam.travel/things-to-do/10-must-try-hanoi-dishes/
Phở bò,phở tái; phở chín; phở nạm; phở sốt vang,Món nước Hà Nội,"Bánh phở trong nước dùng bò thơm gia vị, ăn cùng các phần thịt bò.","bánh phở, xương bò, thịt bò, hành, quế, hồi",Phố cổ; Hoàn Kiếm; Ba Đình; toàn thành phố,sáng; trưa; tối,Rất phổ biến,https://www.vietnam.travel/things-to-do/10-must-try-hanoi-dishes/
Phở gà,phở gà ta; phở gà trộn,Món nước Hà Nội,Phở thanh vị với thịt gà; có cả bản nước và trộn.,"bánh phở, gà, xương gà, hành, lá chanh",Phố cổ; Hoàn Kiếm; toàn thành phố,sáng; trưa; tối,Rất phổ biến,https://www.vietnam.travel/things-to-do/10-must-try-hanoi-dishes/
Bún cá rô đồng,bún cá; bún cá chiên,Món nước miền Bắc,"Cá chiên hoặc cá rô gỡ thịt trong nước dùng thanh, kèm rau xanh.","bún, cá rô/cá rô phi, cà chua, thì là, rau cần",Đống Đa; Hai Bà Trưng; Cầu Giấy,sáng; trưa,Phổ biến,https://vietnam.travel/node/1560
Bún dọc mùng,bún bung; bún sườn dọc mùng,Món nước miền Bắc,"Nước dùng sườn với dọc mùng giòn xốp, đôi khi thêm mọc.","bún, sườn lợn, dọc mùng, cà chua, hành",Ba Đình; Đống Đa; khu dân cư,sáng; trưa,Phổ biến,https://vietnam.travel/things-to-do/vietnam-foodie-guide-region
Bún mọc,bún mọc sườn; bún mọc dọc mùng,Món nước miền Bắc,"Bún nước trong với viên mọc giò sống, thường thêm sườn và dọc mùng.","bún, giò sống, nấm hương, sườn, dọc mùng",Hoàn Kiếm; Đống Đa; khu dân cư,sáng; trưa,Phổ biến,https://vietnam.travel/things-to-do/vietnam-foodie-guide-region
Bún ngan,bún ngan măng; bún ngan trộn,Món nước miền Bắc,"Bún với thịt ngan và măng, có bản nước hoặc trộn.","bún, ngan, măng, hành, rau thơm",Cầu Giấy; Đống Đa; Hai Bà Trưng,trưa; tối,Rất phổ biến,https://vietnam.travel/things-to-do/must-try-food-in-hanoi
Bún riêu cua,bún riêu; bún riêu tóp mỡ,Món nước miền Bắc,"Nước dùng cua đồng chua nhẹ với cà chua, riêu cua và đậu.","bún, cua đồng, cà chua, đậu phụ, mắm tôm",Toàn thành phố; chợ và khu dân cư,sáng; trưa; tối,Rất phổ biến,https://vietnam.travel/things-to-do/vietnam-foodie-guide-region
Bánh canh cua,bánh canh ghẹ; bánh canh tôm,Món nước miền Trung/Nam,Sợi bánh canh dày trong nước sánh với cua hoặc ghẹ.,"bánh canh, cua/ghẹ, tôm, hành, tiêu",Cầu Giấy; Thanh Xuân; khu trung tâm,trưa; tối,Phổ biến,https://vietnam.travel/things-to-do/vietnam-foodie-guide-region
Nem lụi,nem lụi Huế,Món nướng miền Trung,"Thịt quết xiên sả nướng, cuốn rau bánh tráng và chấm tương.","thịt lợn, sả, bánh tráng, rau, tương đậu",Quán Huế; khu ăn vặt,trưa; tối; ăn vặt,Rất phổ biến,https://www.vietnam.travel/things-to-do/how-eat-local-hue
Cơm gà Hải Nam,Hainanese chicken rice,Món Singapore/Hoa,"Gà luộc mềm với cơm nấu nước gà, sốt gừng ớt.","gà, gạo, gừng, hành, nước gà, sốt ớt",Trung tâm thương mại; Cầu Giấy; Hoàn Kiếm,trưa; tối,Phổ biến,https://vietnam.travel/things-to-do/must-try-food-in-hanoi; https://vietnamtourism.vn/en/index.php/services/restaurants/search/19
Laksa,curry laksa,Món Singapore/Malaysia,Mì nước cốt dừa cay thơm với hải sản/đậu phụ.,"mì, nước cốt dừa, cà ri, tôm, đậu phụ, giá",Nhà hàng Đông Nam Á; khu trung tâm,trưa; tối,Khá phổ biến,https://vietnam.travel/things-to-do/must-try-food-in-hanoi; https://vietnamtourism.vn/en/index.php/services/restaurants/search/19
Cá suối nướng,pa pỉnh tộp,Món Tây Bắc,Cá nước ngọt kẹp nướng với rau thơm và gia vị núi rừng.,"cá suối, mắc khén, sả, rau thơm",Quán Tây Bắc; Ba Vì; Hòa Lạc,trưa; tối,Khá phổ biến,https://vietnam.travel/things-to-do/vietnam-foodie-guide-region
Lợn mán nướng,lợn cắp nách; lợn bản,Món Tây Bắc,"Thịt lợn bản nướng/áp chảo, thơm mắc khén và lá rừng.","thịt lợn bản, mắc khén, sả, lá thơm",Ba Vì; Hòa Lạc; quán Tây Bắc,trưa; tối,Phổ biến,https://vietnam.travel/things-to-do/vietnam-foodie-guide-region
Gà nướng cơm lam,cơm lam gà nướng,Món Tây Bắc/Tây Nguyên,Gà nướng gia vị ăn với cơm nếp nướng trong ống tre.,"gà, mắc khén/sả, gạo nếp, ống tre",Ba Vì; quán Tây Bắc; ngoại thành,trưa; tối,Phổ biến,https://vietnam.travel/things-to-do/vietnam-foodie-guide-region
Cà ri xanh Thái,green curry,Món Thái,Cà ri nước cốt dừa màu xanh với thịt và rau.,"cốt dừa, cà ri xanh, gà/bò, cà tím, húng quế",Nhà hàng Thái; trung tâm thương mại,trưa; tối,Phổ biến,https://vietnam.travel/things-to-do/must-try-food-in-hanoi; https://vietnamtourism.vn/en/index.php/services/restaurants/search/19
Pad Thai,phở xào Thái,Món Thái,"Mì gạo xào chua ngọt với tôm/thịt, trứng, giá và lạc.","mì gạo, tôm/thịt, trứng, giá, me, lạc",Trung tâm thương mại; Tây Hồ; Hoàn Kiếm,trưa; tối,Rất phổ biến,https://vietnam.travel/things-to-do/must-try-food-in-hanoi; https://vietnamtourism.vn/en/index.php/services/restaurants/search/19
Som tam,gỏi đu đủ Thái,Món Thái,"Đu đủ xanh giã trộn chua cay với đậu, cà chua và lạc.","đu đủ xanh, ớt, chanh, nước mắm, lạc, cà chua",Nhà hàng Thái; Tây Hồ; khu trung tâm,trưa; tối,Phổ biến,https://vietnam.travel/things-to-do/must-try-food-in-hanoi; https://vietnamtourism.vn/en/index.php/services/restaurants/search/19
Tom yum,canh tôm chua cay Thái,Món Thái,"Canh chua cay thơm sả, riềng, lá chanh với tôm.","tôm, sả, riềng, lá chanh, ớt, chanh",Nhà hàng Thái; trung tâm thương mại,trưa; tối,Rất phổ biến,https://vietnam.travel/things-to-do/must-try-food-in-hanoi; https://vietnamtourism.vn/en/index.php/services/restaurants/search/19
Kebab,doner kebab; bánh mì tam giác,Món Thổ Nhĩ Kỳ/quốc tế,"Bánh mì kẹp thịt quay lát, bắp cải/rau và sốt.","bánh mì dẹt, thịt gà/bò, rau, hành, sốt",Phố cổ; Cầu Giấy; khu trường học,trưa; tối; ăn vặt,Rất phổ biến,https://vietnam.travel/things-to-do/must-try-food-in-hanoi; https://vietnamtourism.vn/en/index.php/services/restaurants/search/19
Bánh đa trộn,bánh đa gà trộn; bánh đa cua trộn,Món trộn đường phố,"Bánh đa dai trộn cùng chả, đậu, rau và sốt chua ngọt.","bánh đa, chả cá, giò, đậu phụ, lạc, rau",Phố cổ; Hoàn Kiếm,trưa; tối; ăn vặt,Phổ biến,https://vietnam.travel/node/1560
Falafel,bánh đậu gà chiên,Món Trung Đông,"Viên đậu gà xay chiên, dùng trong pita với rau và sốt tahini.","đậu gà, rau mùi, thì là, pita, tahini",Tây Hồ; Hoàn Kiếm; quán Trung Đông,trưa; tối,Khá phổ biến,https://vietnam.travel/things-to-do/must-try-food-in-hanoi; https://vietnamtourism.vn/en/index.php/services/restaurants/search/19
Shawarma,shawarma gà/bò,Món Trung Đông,"Thịt quay trục cuốn cùng pita, rau và sốt tỏi.","thịt gà/bò, pita, rau, sốt tỏi, gia vị",Tây Hồ; Hoàn Kiếm; quán Trung Đông,trưa; tối,Khá phổ biến,https://vietnam.travel/things-to-do/must-try-food-in-hanoi; https://vietnamtourism.vn/en/index.php/services/restaurants/search/19
Thắng cố,thắng cố ngựa/bò,Món vùng cao,"Món hầm nội tạng và thịt với gia vị vùng cao, thường dùng ở quán đặc sản.","thịt/nội tạng, thảo quả, sả, gừng, mắc khén",Một số quán Tây Bắc và sự kiện văn hóa,trưa; tối,Ít gặp hơn,https://vietnam.travel/things-to-do/vietnam-foodie-guide-region
Bún quậy,bún quậy Phú Quốc,Món vùng đảo,"Bún tươi với chả tôm/cá quết, nước dùng thanh và nước chấm tự pha.","bún tươi, tôm, cá, hành, tiêu, quất",Một số chuỗi/quán đặc sản,trưa; tối,Khá phổ biến,https://vietnam.travel/things-to-do/vietnam-foodie-guide-region
Bánh đa cua,bánh đa cua Hải Phòng; bánh đa cua trộn,Món vùng miền phía Bắc,"Bánh đa đỏ với nước cua, chả lá lốt, rau và topping đa dạng.","bánh đa đỏ, cua đồng, chả lá lốt, rau muống, hành",Đống Đa; Cầu Giấy; Hai Bà Trưng,trưa; tối,Rất phổ biến,https://vietnam.travel/things-to-do/vietnam-foodie-guide-region
Phở xào bò,phở xào mềm; áp chảo,Món xào,"Bánh phở xào lửa lớn với thịt bò và rau, vị đậm.","bánh phở, thịt bò, cải xanh, hành tây, xì dầu",Toàn thành phố,trưa; tối,Phổ biến,https://vietnam.travel/things-to-do/vietnam-foodie-guide-region
Phở chiên phồng,phở chiên giòn; phở chiên trứng,Món xào Hà Nội,Bánh phở chiên phồng/giòn dùng với bò và rau cải xào sốt.,"bánh phở, thịt bò, cải, hành tây, sốt",Ngũ Xã; Ba Đình,trưa; tối,Phổ biến,https://www.vietnam.travel/things-to-do/10-must-try-hanoi-dishes/
Carbonara,mì Ý sốt kem trứng,Món Ý,Pasta sốt trứng/phô mai và thịt muối; nhiều quán dùng kem.,"pasta, trứng, parmesan, thịt muối, tiêu",Tây Hồ; Hoàn Kiếm; trung tâm thương mại,trưa; tối,Rất phổ biến,https://vietnam.travel/things-to-do/must-try-food-in-hanoi; https://vietnamtourism.vn/en/index.php/services/restaurants/search/19
Lasagna,lasagne bò,Món Ý,"Pasta xếp lớp với sốt thịt, béchamel và phô mai, nướng.","lá lasagna, thịt bò, cà chua, béchamel, phô mai",Quán Ý; Tây Hồ; Hoàn Kiếm,trưa; tối,Phổ biến,https://vietnam.travel/things-to-do/must-try-food-in-hanoi; https://vietnamtourism.vn/en/index.php/services/restaurants/search/19
Pizza Margherita,pizza phô mai cà chua,Món Ý,"Pizza đế nướng với cà chua, mozzarella và húng quế.","bột mì, cà chua, mozzarella, húng quế, dầu ô liu",Tây Hồ; Hoàn Kiếm; Cầu Giấy; giao đồ ăn,trưa; tối,Rất phổ biến,https://vietnam.travel/things-to-do/must-try-food-in-hanoi; https://vietnamtourism.vn/en/index.php/services/restaurants/search/19
Risotto,risotto nấm; risotto hải sản,Món Ý,"Cơm Ý nấu sánh với nước dùng, bơ và phô mai.","gạo arborio, nước dùng, bơ, parmesan, nấm/hải sản",Nhà hàng Ý; Tây Hồ; Hoàn Kiếm,trưa; tối,Khá phổ biến,https://vietnam.travel/things-to-do/must-try-food-in-hanoi; https://vietnamtourism.vn/en/index.php/services/restaurants/search/19
Spaghetti Bolognese,mì Ý sốt bò bằm,Món Ý,Mì spaghetti với sốt cà chua và thịt bò băm.,"spaghetti, thịt bò, cà chua, hành, thảo mộc",Toàn thành phố; quán Âu; giao đồ ăn,trưa; tối,Rất phổ biến,https://vietnam.travel/things-to-do/must-try-food-in-hanoi; https://vietnamtourism.vn/en/index.php/services/restaurants/search/19
Pizza hải sản,seafood pizza,Món Ý/quốc tế,"Pizza phủ tôm mực và phô mai, biến thể phổ biến tại chuỗi.","bột mì, sốt cà chua, mozzarella, tôm, mực",Toàn thành phố; trung tâm thương mại; giao đồ ăn,trưa; tối,Rất phổ biến,https://vietnam.travel/things-to-do/must-try-food-in-hanoi; https://vietnamtourism.vn/en/index.php/services/restaurants/search/19
Lẩu nướng không khói,buffet lẩu nướng,Mô hình ăn nhóm,"Kết hợp thịt nướng tại bàn và lẩu, phổ biến ở chuỗi/buffet.","thịt bò, thịt lợn, hải sản, rau, nước lẩu",Cầu Giấy; Thanh Xuân; trung tâm thương mại,trưa; tối,Rất phổ biến,https://vietnamtourism.vn/en/index.php/services/restaurants/search/19
Bánh cốm,bánh cốm Hàng Than,Quà Hà Nội,Bánh dẻo xanh từ cốm với nhân đậu xanh dừa.,"cốm, đậu xanh, đường, dừa",Hàng Than; phố cổ,ăn vặt,Rất phổ biến,https://www.vietnam.travel/things-to-do/10-must-try-hanoi-dishes/
Cốm làng Vòng,cốm non; cốm dẹp Hà Nội,Quà Hà Nội,"Hạt nếp non rang giã, gói lá sen và ăn trực tiếp.","nếp non, lá sen/lá ráy",Cầu Giấy; làng Vòng; phố cổ,ăn vặt,Biểu tượng/mùa vụ,https://www.vietnam.travel/things-to-do/10-must-try-hanoi-dishes/
Ô mai,xí muội; ô mai sấu; ô mai mơ,Quà Hà Nội,"Trái cây sấy/ngâm vị chua mặn ngọt, thường dùng làm quà.","mơ/mận/sấu, đường, muối, gừng, cam thảo",Hàng Đường; phố cổ,ăn vặt,Biểu tượng,https://www.vietnam.travel/things-to-do/10-must-try-hanoi-dishes/
Bánh đúc nóng,bánh đúc thịt,Quà nóng Hà Nội,"Bánh đúc mềm nóng phủ thịt băm mộc nhĩ, chan nước mắm.","bột gạo, bột năng, thịt băm, mộc nhĩ, hành phi",Phố cổ; Lê Ngọc Hân; chợ,ăn vặt; tối,Phổ biến,https://vietnam.travel/node/1560
Bánh đúc lạc,bánh đúc nguội,Quà quê miền Bắc,"Bánh đúc đặc có lạc, ăn với tương hoặc canh cua.","bột gạo, lạc, nước vôi trong, tương",Chợ dân sinh; ngoại thành,sáng; ăn vặt,Khá phổ biến,https://vietnam.travel/things-to-do/vietnam-foodie-guide-region
Sấu dầm,sấu ngâm; sấu dầm muối ớt,Quà vặt Hà Nội,"Quả sấu chua dầm đường, muối ớt hoặc ngâm làm đồ giải khát.","sấu, đường, muối, ớt, gừng",Phố cổ; chợ; hàng rong,ăn vặt,Phổ biến/mùa vụ,https://www.vietnam.travel/things-to-do/10-must-try-hanoi-dishes/
Salad Caesar,Caesar salad gà,Salad quốc tế,"Xà lách romaine trộn sốt Caesar, bánh mì giòn và parmesan.","xà lách romaine, parmesan, crouton, sốt Caesar, gà tùy chọn",Quán Âu; khách sạn; trung tâm thương mại,trưa; tối,Phổ biến,https://vietnam.travel/things-to-do/must-try-food-in-hanoi; https://vietnamtourism.vn/en/index.php/services/restaurants/search/19
Xôi gà,xôi gà xé; xôi gà nấm,Xôi,"Xôi dẻo với gà xé, hành phi và nước sốt đậm vị.","gạo nếp, gà, hành phi, nấm, sốt",Toàn thành phố,sáng; trưa; tối,Phổ biến,https://vietnam.travel/things-to-do/vietnam-foodie-guide-region
Xôi mặn,xôi chả; xôi thịt; xôi pate,Xôi,"Xôi nếp ăn cùng chả, thịt kho, ruốc hoặc pa-tê.","gạo nếp, chả, thịt, ruốc, pate, hành phi",Toàn thành phố,sáng; tối; ăn vặt,Rất phổ biến,https://vietnam.travel/things-to-do/vietnam-foodie-guide-region
Xôi xéo,xôi đậu xanh hành phi,Xôi Hà Nội,"Xôi nếp vàng phủ đậu xanh thái mỏng và hành phi, thường thêm ruốc/chả.","gạo nếp, đậu xanh, nghệ, mỡ hành, hành phi",Phố cổ; chợ; toàn thành phố,sáng; ăn vặt,Rất phổ biến,https://www.vietnam.travel/things-to-do/10-must-try-hanoi-dishes/
Xôi khúc,khúc; bánh khúc,Xôi và bánh nếp,"Viên nếp bọc nhân đậu xanh thịt mỡ, thơm lá khúc.","gạo nếp, bột nếp, lá khúc, đậu xanh, thịt lợn",Phố cổ; hàng rong; chợ,sáng; ăn vặt; tối,Rất phổ biến,https://vietnam.travel/things-to-do/vietnam-foodie-guide-region
